Date,Time,Open,High,Low,Close,Volume
2025-07-01,09:15:00,2005.0,2007.5999755859375,2005.0,2006.5999755859375,0
2025-07-01,09:16:00,2006.9000244140625,2008.199951171875,2006.199951171875,2006.5999755859375,49361
2025-07-01,09:17:00,2006.5999755859375,2008.4000244140625,2006.5,2008.0,21894
2025-07-01,09:18:00,2008.199951171875,2009.699951171875,2008.0999755859375,2008.699951171875,25257
2025-07-01,09:19:00,2008.9000244140625,2011.0,2008.300048828125,2011.0,40772
2025-07-01,09:20:00,2011.0,2011.4000244140625,2010.0,2010.699951171875,52944
2025-07-01,09:21:00,2010.800048828125,2013.0,2010.800048828125,2012.699951171875,40423
2025-07-01,09:22:00,2012.4000244140625,2014.0,2012.4000244140625,2012.9000244140625,24093
2025-07-01,09:23:00,2012.5,2012.699951171875,2009.4000244140625,2009.4000244140625,19436
2025-07-01,09:24:00,2009.4000244140625,2009.4000244140625,2007.0999755859375,2007.199951171875,37249
2025-07-01,09:25:00,2007.5999755859375,2009.0,2007.4000244140625,2007.9000244140625,25728
2025-07-01,09:26:00,2008.0999755859375,2008.0999755859375,2007.0,2007.0999755859375,20970
2025-07-01,09:27:00,2007.199951171875,2009.0,2007.0999755859375,2009.0,15187
2025-07-01,09:28:00,2009.0,2009.5,2008.9000244140625,2009.300048828125,10366
2025-07-01,09:29:00,2009.300048828125,2009.5,2009.0999755859375,2009.0999755859375,11278
2025-07-01,09:30:00,2009.199951171875,2009.199951171875,2008.9000244140625,2008.9000244140625,10650
2025-07-01,09:31:00,2008.800048828125,2008.800048828125,2007.5999755859375,2007.5999755859375,14591
2025-07-01,09:32:00,2007.5999755859375,2008.5999755859375,2007.5,2008.5999755859375,21035
2025-07-01,09:33:00,2009.0,2009.199951171875,2008.0999755859375,2008.0999755859375,15971
2025-07-01,09:34:00,2008.199951171875,2008.5,2008.0999755859375,2008.5,4094
2025-07-01,09:35:00,2008.199951171875,2008.199951171875,2007.699951171875,2007.800048828125,17821
2025-07-01,09:36:00,2007.9000244140625,2008.199951171875,2007.699951171875,2008.0999755859375,6297
2025-07-01,09:37:00,2008.300048828125,2008.800048828125,2008.300048828125,2008.4000244140625,5793
2025-07-01,09:38:00,2008.5,2008.800048828125,2008.0,2008.0,5223
2025-07-01,09:39:00,2008.0999755859375,2008.0999755859375,2008.0,2008.0,21789
2025-07-01,09:40:00,2008.0,2008.800048828125,2008.0,2008.4000244140625,9491
2025-07-01,09:41:00,2008.300048828125,2008.5,2008.0,2008.0999755859375,4066
2025-07-01,09:42:00,2008.0,2008.0999755859375,2008.0,2008.0,3379
2025-07-01,09:43:00,2008.0,2008.0,2007.5,2007.5,6154
2025-07-01,09:44:00,2007.5,2007.9000244140625,2007.199951171875,2007.199951171875,15823
2025-07-01,09:45:00,2007.0,2007.5,2007.0,2007.4000244140625,21860
2025-07-01,09:46:00,2007.4000244140625,2007.9000244140625,2007.4000244140625,2007.4000244140625,31860
2025-07-01,09:47:00,2007.4000244140625,2008.5999755859375,2007.4000244140625,2008.5999755859375,18975
2025-07-01,09:48:00,2008.699951171875,2009.9000244140625,2008.699951171875,2009.9000244140625,12735
2025-07-01,09:49:00,2009.9000244140625,2009.9000244140625,2009.300048828125,2009.5999755859375,11678
2025-07-01,09:50:00,2009.5999755859375,2009.699951171875,2009.5999755859375,2009.5999755859375,4214
2025-07-01,09:51:00,2009.699951171875,2010.0,2007.5,2008.0,71934
2025-07-01,09:52:00,2007.5999755859375,2007.9000244140625,2006.5999755859375,2007.199951171875,42625
2025-07-01,09:53:00,2007.300048828125,2007.4000244140625,2007.199951171875,2007.300048828125,6086
2025-07-01,09:54:00,2006.699951171875,2007.0,2006.0999755859375,2006.199951171875,16533
2025-07-01,09:55:00,2006.300048828125,2006.300048828125,2005.699951171875,2005.699951171875,29893
2025-07-01,09:56:00,2005.699951171875,2005.699951171875,2005.5,2005.5,9932
2025-07-01,09:57:00,2005.5,2005.800048828125,2004.9000244140625,2004.9000244140625,19710
2025-07-01,09:58:00,2005.0999755859375,2005.9000244140625,2005.0999755859375,2005.9000244140625,24437
2025-07-01,09:59:00,2005.9000244140625,2006.0,2005.9000244140625,2006.0,5586
2025-07-01,10:00:00,2005.9000244140625,2006.300048828125,2005.9000244140625,2006.300048828125,12208
2025-07-01,10:01:00,2006.300048828125,2006.300048828125,2005.0999755859375,2005.0999755859375,28297
2025-07-01,10:02:00,2005.0999755859375,2005.0999755859375,2005.0,2005.0999755859375,6488
2025-07-01,10:03:00,2005.0999755859375,2006.9000244140625,2005.0,2006.9000244140625,29344
2025-07-01,10:04:00,2006.9000244140625,2007.800048828125,2006.0999755859375,2006.699951171875,14909
2025-07-01,10:05:00,2006.199951171875,2006.4000244140625,2004.9000244140625,2005.800048828125,21882
2025-07-01,10:06:00,2006.0,2006.5,2005.9000244140625,2006.4000244140625,2922
2025-07-01,10:07:00,2006.4000244140625,2006.5,2005.699951171875,2005.699951171875,12046
2025-07-01,10:08:00,2005.9000244140625,2005.9000244140625,2005.5,2005.5,2644
2025-07-01,10:09:00,2005.4000244140625,2005.4000244140625,2004.4000244140625,2004.5,7296
2025-07-01,10:10:00,2004.5,2004.5999755859375,2004.5,2004.5999755859375,10239
2025-07-01,10:11:00,2004.5999755859375,2006.0999755859375,2004.5999755859375,2006.0999755859375,15539
2025-07-01,10:12:00,2005.699951171875,2006.4000244140625,2005.4000244140625,2005.4000244140625,15902
2025-07-01,10:13:00,2004.800048828125,2005.199951171875,2004.199951171875,2005.0999755859375,15838
2025-07-01,10:14:00,2004.9000244140625,2005.0999755859375,2004.699951171875,2005.0,3301
2025-07-01,10:15:00,2004.9000244140625,2006.800048828125,2004.9000244140625,2006.699951171875,20969
2025-07-01,10:16:00,2006.699951171875,2007.800048828125,2006.5,2007.0,19097
2025-07-01,10:17:00,2007.0,2007.9000244140625,2006.800048828125,2007.4000244140625,14473
2025-07-01,10:18:00,2007.199951171875,2007.199951171875,2005.9000244140625,2005.9000244140625,13342
2025-07-01,10:19:00,2005.699951171875,2006.0,2005.5999755859375,2005.800048828125,3119
2025-07-01,10:20:00,2005.9000244140625,2006.0,2005.800048828125,2005.800048828125,6463
2025-07-01,10:21:00,2006.0,2006.0,2005.800048828125,2005.800048828125,5030
2025-07-01,10:22:00,2005.800048828125,2005.800048828125,2004.199951171875,2004.199951171875,46637
2025-07-01,10:23:00,2004.5999755859375,2004.9000244140625,2004.199951171875,2004.5,4163
2025-07-01,10:24:00,2004.5999755859375,2005.0,2004.5,2004.9000244140625,18210
2025-07-01,10:25:00,2004.9000244140625,2005.0,2004.5,2004.800048828125,21248
2025-07-01,10:26:00,2005.0,2005.0999755859375,2005.0,2005.0,3503
2025-07-01,10:27:00,2005.0,2005.0999755859375,2005.0,2005.0,4083
2025-07-01,10:28:00,2005.0,2005.699951171875,2005.0,2005.699951171875,20505
2025-07-01,10:29:00,2005.5999755859375,2007.0,2005.5999755859375,2006.699951171875,8838
2025-07-01,10:30:00,2006.699951171875,2006.800048828125,2006.0,2006.0,8287
2025-07-01,10:31:00,2006.0999755859375,2007.800048828125,2006.0999755859375,2007.800048828125,4623
2025-07-01,10:32:00,2007.800048828125,2008.0,2007.0,2007.699951171875,5061
2025-07-01,10:33:00,2008.0,2008.0,2007.5999755859375,2007.5999755859375,2934
2025-07-01,10:34:00,2007.5,2007.5,2006.9000244140625,2007.0999755859375,20365
2025-07-01,10:35:00,2007.0999755859375,2007.5,2007.0999755859375,2007.300048828125,4987
2025-07-01,10:36:00,2007.4000244140625,2007.5,2007.300048828125,2007.300048828125,2216
2025-07-01,10:37:00,2007.300048828125,2007.300048828125,2005.800048828125,2005.800048828125,4757
2025-07-01,10:38:00,2005.9000244140625,2005.9000244140625,2005.699951171875,2005.9000244140625,6020
2025-07-01,10:39:00,2005.9000244140625,2006.0999755859375,2005.9000244140625,2006.0999755859375,4659
2025-07-01,10:40:00,2006.0,2006.0,2005.9000244140625,2005.9000244140625,3527
2025-07-01,10:41:00,2005.9000244140625,2006.0999755859375,2005.9000244140625,2006.0,4239
2025-07-01,10:42:00,2005.9000244140625,2006.4000244140625,2005.9000244140625,2006.300048828125,2686
2025-07-01,10:43:00,2006.300048828125,2007.0,2006.0999755859375,2007.0,13541
2025-07-01,10:44:00,2006.9000244140625,2008.0,2006.9000244140625,2007.9000244140625,9134
2025-07-01,10:45:00,2007.9000244140625,2008.300048828125,2007.9000244140625,2008.0,14195
2025-07-01,10:46:00,2008.300048828125,2008.800048828125,2008.300048828125,2008.5999755859375,22133
2025-07-01,10:47:00,2008.5999755859375,2008.9000244140625,2008.5999755859375,2008.699951171875,3267
2025-07-01,10:48:00,2008.5999755859375,2008.699951171875,2008.5,2008.5,3409
2025-07-01,10:49:00,2008.4000244140625,2008.4000244140625,2008.4000244140625,2008.4000244140625,2749
2025-07-01,10:50:00,2008.4000244140625,2009.9000244140625,2008.300048828125,2009.9000244140625,37427
2025-07-01,10:51:00,2009.9000244140625,2010.0,2009.9000244140625,2009.9000244140625,13202
2025-07-01,10:52:00,2009.9000244140625,2010.0,2009.9000244140625,2010.0,20395
2025-07-01,10:53:00,2009.9000244140625,2010.0,2009.9000244140625,2009.9000244140625,7699
2025-07-01,10:54:00,2009.9000244140625,2010.0,2009.9000244140625,2009.9000244140625,2464
2025-07-01,10:55:00,2009.9000244140625,2009.9000244140625,2008.9000244140625,2008.9000244140625,21713
2025-07-01,10:56:00,2008.9000244140625,2008.9000244140625,2007.9000244140625,2008.0999755859375,11176
2025-07-01,10:57:00,2008.300048828125,2009.0,2008.300048828125,2008.9000244140625,26125
2025-07-01,10:58:00,2009.0,2009.199951171875,2007.9000244140625,2008.0999755859375,76684
2025-07-01,10:59:00,2008.0999755859375,2008.800048828125,2008.0999755859375,2008.300048828125,1872
2025-07-01,11:00:00,2008.4000244140625,2008.4000244140625,2007.5999755859375,2007.699951171875,3871
2025-07-01,11:01:00,2007.699951171875,2008.0,2006.800048828125,2007.0,14545
2025-07-01,11:02:00,2007.199951171875,2009.5,2007.199951171875,2008.9000244140625,27493
2025-07-01,11:03:00,2008.699951171875,2009.0,2008.4000244140625,2008.699951171875,2489
2025-07-01,11:04:00,2008.300048828125,2009.800048828125,2008.300048828125,2009.800048828125,20507
2025-07-01,11:05:00,2009.699951171875,2010.0,2008.9000244140625,2008.9000244140625,61669
2025-07-01,11:06:00,2009.0,2009.699951171875,2008.0,2008.5999755859375,44048
2025-07-01,11:07:00,2008.5999755859375,2008.699951171875,2007.5999755859375,2007.699951171875,2673
2025-07-01,11:08:00,2007.800048828125,2007.800048828125,2007.199951171875,2007.5,2848
2025-07-01,11:09:00,2007.5,2007.5,2006.5,2007.300048828125,15348
2025-07-01,11:10:00,2007.4000244140625,2007.9000244140625,2007.199951171875,2007.199951171875,3996
2025-07-01,11:11:00,2007.0999755859375,2007.5,2006.699951171875,2006.800048828125,4287
2025-07-01,11:12:00,2007.0,2007.0,2006.5,2006.5999755859375,2209
2025-07-01,11:13:00,2006.5999755859375,2006.699951171875,2006.4000244140625,2006.699951171875,4771
2025-07-01,11:14:00,2006.699951171875,2006.699951171875,2006.0,2006.0,7642
2025-07-01,11:15:00,2006.0999755859375,2007.5999755859375,2006.0999755859375,2007.0,32218
2025-07-01,11:16:00,2007.0999755859375,2007.0999755859375,2006.199951171875,2006.5,4450
2025-07-01,11:17:00,2006.5,2007.5,2006.5,2007.4000244140625,3524
2025-07-01,11:18:00,2007.4000244140625,2007.800048828125,2007.4000244140625,2007.4000244140625,5345
2025-07-01,11:19:00,2007.300048828125,2007.9000244140625,2007.199951171875,2007.9000244140625,2383
2025-07-01,11:20:00,2007.9000244140625,2008.0,2007.800048828125,2008.0,4149
2025-07-01,11:21:00,2007.9000244140625,2008.0,2007.9000244140625,2008.0,3024
2025-07-01,11:22:00,2007.9000244140625,2008.0,2007.9000244140625,2007.9000244140625,2592
2025-07-01,11:23:00,2007.9000244140625,2008.0,2007.699951171875,2007.800048828125,3886
2025-07-01,11:24:00,2007.699951171875,2007.800048828125,2007.699951171875,2007.699951171875,2606
2025-07-01,11:25:00,2007.800048828125,2007.800048828125,2007.699951171875,2007.800048828125,2741
2025-07-01,11:26:00,2007.800048828125,2007.800048828125,2007.0,2007.300048828125,4400
2025-07-01,11:27:00,2007.300048828125,2007.5999755859375,2007.0999755859375,2007.5999755859375,9191
2025-07-01,11:28:00,2007.9000244140625,2008.0,2007.9000244140625,2007.9000244140625,3490
2025-07-01,11:29:00,2008.0,2008.0,2007.9000244140625,2007.9000244140625,2374
2025-07-01,11:30:00,2007.9000244140625,2009.0,2007.9000244140625,2008.9000244140625,27782
2025-07-01,11:31:00,2008.9000244140625,2009.0,2007.699951171875,2008.9000244140625,31098
2025-07-01,11:32:00,2009.0,2009.9000244140625,2008.9000244140625,2009.699951171875,12105
2025-07-01,11:33:00,2009.800048828125,2010.0,2009.699951171875,2009.699951171875,5679
2025-07-01,11:34:00,2009.800048828125,2009.800048828125,2008.300048828125,2008.9000244140625,21681
2025-07-01,11:35:00,2008.699951171875,2009.800048828125,2008.699951171875,2009.0999755859375,24444
2025-07-01,11:36:00,2009.800048828125,2010.0,2009.800048828125,2009.9000244140625,7680
2025-07-01,11:37:00,2009.9000244140625,2010.0,2009.9000244140625,2009.9000244140625,8574
2025-07-01,11:38:00,2009.9000244140625,2010.0,2009.9000244140625,2009.9000244140625,11591
2025-07-01,11:39:00,2009.9000244140625,2009.9000244140625,2009.300048828125,2009.9000244140625,46818
2025-07-01,11:40:00,2009.9000244140625,2010.0,2008.5999755859375,2008.699951171875,12568
2025-07-01,11:41:00,2009.4000244140625,2009.4000244140625,2008.5,2008.800048828125,2987
2025-07-01,11:42:00,2008.800048828125,2009.5,2008.5999755859375,2009.5,6526
2025-07-01,11:43:00,2009.5,2011.0,2009.4000244140625,2010.4000244140625,59720
2025-07-01,11:44:00,2010.5,2011.0,2008.5,2009.199951171875,38134
2025-07-01,11:45:00,2009.800048828125,2010.0,2009.300048828125,2009.5999755859375,4091
2025-07-01,11:46:00,2009.5999755859375,2010.0,2009.0,2009.199951171875,16952
2025-07-01,11:47:00,2009.0999755859375,2009.300048828125,2009.0999755859375,2009.199951171875,1795
2025-07-01,11:48:00,2009.300048828125,2009.300048828125,2008.9000244140625,2008.9000244140625,5159
2025-07-01,11:49:00,2009.0,2009.800048828125,2008.5999755859375,2009.699951171875,24745
2025-07-01,11:50:00,2010.0,2010.0,2009.199951171875,2009.800048828125,41473
2025-07-01,11:51:00,2009.800048828125,2010.0,2009.0999755859375,2009.4000244140625,7141
2025-07-01,11:52:00,2009.4000244140625,2009.5,2009.0,2009.0999755859375,2208
2025-07-01,11:53:00,2009.0,2009.0,2008.9000244140625,2009.0,2289
2025-07-01,11:54:00,2008.9000244140625,2009.800048828125,2008.9000244140625,2009.300048828125,9197
2025-07-01,11:55:00,2009.0999755859375,2009.300048828125,2009.0,2009.0999755859375,4487
2025-07-01,11:56:00,2009.199951171875,2009.199951171875,2008.4000244140625,2008.800048828125,7820
2025-07-01,11:57:00,2008.800048828125,2008.800048828125,2008.699951171875,2008.699951171875,3081
2025-07-01,11:58:00,2008.699951171875,2009.800048828125,2008.699951171875,2009.800048828125,11152
2025-07-01,11:59:00,2009.800048828125,2010.0,2009.800048828125,2009.9000244140625,4614
2025-07-01,12:00:00,2009.9000244140625,2009.9000244140625,2009.800048828125,2009.9000244140625,5997
2025-07-01,12:01:00,2009.800048828125,2010.0,2009.800048828125,2009.9000244140625,5549
2025-07-01,12:02:00,2009.9000244140625,2011.0,2009.9000244140625,2011.0,17597
2025-07-01,12:03:00,2010.9000244140625,2012.0,2010.9000244140625,2011.5999755859375,32257
2025-07-01,12:04:00,2011.5999755859375,2012.0,2011.4000244140625,2012.0,10978
2025-07-01,12:05:00,2011.9000244140625,2013.0,2011.800048828125,2012.699951171875,8454
2025-07-01,12:06:00,2012.800048828125,2014.0,2012.800048828125,2013.0,27149
2025-07-01,12:07:00,2013.199951171875,2013.199951171875,2012.5999755859375,2012.699951171875,2461
2025-07-01,12:08:00,2012.5,2012.5999755859375,2011.9000244140625,2011.9000244140625,3569
2025-07-01,12:09:00,2011.9000244140625,2011.9000244140625,2011.0999755859375,2011.0999755859375,8473
2025-07-01,12:10:00,2011.0999755859375,2011.199951171875,2009.5,2009.5999755859375,19301
2025-07-01,12:11:00,2009.5999755859375,2011.4000244140625,2009.5999755859375,2011.0999755859375,7421
2025-07-01,12:12:00,2011.0,2011.0999755859375,2011.0,2011.0,4656
2025-07-01,12:13:00,2011.0999755859375,2011.9000244140625,2011.0,2011.699951171875,7557
2025-07-01,12:14:00,2011.699951171875,2011.800048828125,2010.800048828125,2011.4000244140625,21244
2025-07-01,12:15:00,2011.699951171875,2012.300048828125,2011.300048828125,2011.699951171875,6592
2025-07-01,12:16:00,2011.9000244140625,2012.0,2011.300048828125,2011.4000244140625,3087
2025-07-01,12:17:00,2011.300048828125,2011.4000244140625,2011.0,2011.0999755859375,2642
2025-07-01,12:18:00,2011.199951171875,2011.199951171875,2011.0,2011.0,2956
2025-07-01,12:19:00,2011.0,2011.199951171875,2011.0,2011.0999755859375,17100
2025-07-01,12:20:00,2011.0999755859375,2012.4000244140625,2011.0999755859375,2012.0999755859375,20672
2025-07-01,12:21:00,2012.199951171875,2012.800048828125,2011.5,2011.5,17143
2025-07-01,12:22:00,2011.5,2012.300048828125,2011.199951171875,2011.4000244140625,3794
2025-07-01,12:23:00,2011.300048828125,2011.800048828125,2011.300048828125,2011.5999755859375,4097
2025-07-01,12:24:00,2011.5999755859375,2011.5999755859375,2011.300048828125,2011.300048828125,3834
2025-07-01,12:25:00,2011.300048828125,2011.800048828125,2011.199951171875,2011.699951171875,9300
2025-07-01,12:26:00,2012.0,2012.5999755859375,2011.300048828125,2011.300048828125,25737
2025-07-01,12:27:00,2011.0999755859375,2011.5,2010.800048828125,2010.800048828125,5839
2025-07-01,12:28:00,2010.800048828125,2010.9000244140625,2010.199951171875,2010.4000244140625,8081
2025-07-01,12:29:00,2010.4000244140625,2010.9000244140625,2010.199951171875,2010.9000244140625,6839
2025-07-01,12:30:00,2010.800048828125,2011.0,2009.4000244140625,2010.0,17606
2025-07-01,12:31:00,2009.5,2010.5,2008.9000244140625,2009.5999755859375,44954
2025-07-01,12:32:00,2009.0999755859375,2009.699951171875,2009.0999755859375,2009.4000244140625,5214
2025-07-01,12:33:00,2009.4000244140625,2009.5,2009.199951171875,2009.199951171875,11285
2025-07-01,12:34:00,2009.300048828125,2009.4000244140625,2008.199951171875,2008.199951171875,26950
2025-07-01,12:35:00,2008.199951171875,2008.5999755859375,2007.699951171875,2008.5,11003
2025-07-01,12:36:00,2008.5,2009.5,2008.300048828125,2008.9000244140625,20825
2025-07-01,12:37:00,2009.0,2009.0,2008.199951171875,2008.199951171875,3584
2025-07-01,12:38:00,2008.300048828125,2008.5,2008.199951171875,2008.4000244140625,5715
2025-07-01,12:39:00,2008.4000244140625,2008.5,2008.199951171875,2008.199951171875,8135
2025-07-01,12:40:00,2008.300048828125,2008.300048828125,2008.199951171875,2008.199951171875,4282
2025-07-01,12:41:00,2008.199951171875,2008.199951171875,2007.800048828125,2007.9000244140625,10972
2025-07-01,12:42:00,2007.800048828125,2008.0999755859375,2007.699951171875,2008.0,10827
2025-07-01,12:43:00,2008.0999755859375,2008.0999755859375,2007.800048828125,2007.9000244140625,10874
2025-07-01,12:44:00,2007.800048828125,2008.0999755859375,2007.5999755859375,2007.9000244140625,21090
2025-07-01,12:45:00,2007.800048828125,2008.5,2007.5999755859375,2008.4000244140625,11923
2025-07-01,12:46:00,2008.5999755859375,2008.5999755859375,2008.5,2008.5,643
2025-07-01,12:47:00,2009.5999755859375,2009.9000244140625,2009.5999755859375,2009.5999755859375,76669
2025-07-01,12:48:00,2009.9000244140625,2009.9000244140625,2009.5999755859375,2009.699951171875,8245
2025-07-01,12:49:00,2009.699951171875,2011.0999755859375,2009.699951171875,2011.0999755859375,27577
2025-07-01,12:50:00,2011.0999755859375,2011.9000244140625,2011.0999755859375,2011.800048828125,13405
2025-07-01,12:51:00,2011.699951171875,2012.9000244140625,2011.699951171875,2012.5999755859375,37405
2025-07-01,12:52:00,2012.699951171875,2013.0,2012.300048828125,2012.5999755859375,31046
2025-07-01,12:53:00,2012.5999755859375,2012.699951171875,2011.0999755859375,2011.300048828125,12974
2025-07-01,12:54:00,2011.300048828125,2011.699951171875,2010.5999755859375,2010.800048828125,10028
2025-07-01,12:55:00,2010.800048828125,2011.5,2010.800048828125,2011.4000244140625,11143
2025-07-01,12:56:00,2011.300048828125,2011.699951171875,2009.5999755859375,2010.4000244140625,15710
2025-07-01,12:57:00,2010.199951171875,2010.5999755859375,2009.9000244140625,2010.199951171875,12013
2025-07-01,12:58:00,2010.0999755859375,2010.199951171875,2009.9000244140625,2009.9000244140625,8106
2025-07-01,12:59:00,2010.0,2010.0,2009.300048828125,2009.5,9653
2025-07-01,13:00:00,2009.5,2010.0,2009.5,2009.800048828125,11722
2025-07-01,13:01:00,2009.699951171875,2010.0,2009.4000244140625,2009.5,11151
2025-07-01,13:02:00,2009.5,2010.0,2009.300048828125,2010.0,9754
2025-07-01,13:03:00,2009.800048828125,2010.800048828125,2009.800048828125,2010.4000244140625,10843
2025-07-01,13:04:00,2010.5999755859375,2010.5999755859375,2010.199951171875,2010.199951171875,5763
2025-07-01,13:05:00,2010.300048828125,2010.5,2010.0,2010.5,10785
2025-07-01,13:06:00,2010.4000244140625,2010.5,2010.0999755859375,2010.0999755859375,5851
2025-07-01,13:07:00,2010.0999755859375,2010.199951171875,2010.0,2010.0,13931
2025-07-01,13:08:00,2010.0,2010.0999755859375,2009.4000244140625,2009.4000244140625,6407
2025-07-01,13:09:00,2009.4000244140625,2009.5999755859375,2009.0999755859375,2009.0999755859375,6839
2025-07-01,13:10:00,2009.0999755859375,2009.699951171875,2009.0999755859375,2009.300048828125,8913
2025-07-01,13:11:00,2009.300048828125,2010.199951171875,2009.300048828125,2010.0,10266
2025-07-01,13:12:00,2010.0999755859375,2010.5,2010.0,2010.199951171875,9036
2025-07-01,13:13:00,2010.0,2010.0,2009.5,2009.5,9157
2025-07-01,13:14:00,2009.5999755859375,2009.5999755859375,2008.5,2008.800048828125,7649
2025-07-01,13:15:00,2008.800048828125,2009.0,2008.699951171875,2008.800048828125,5178
2025-07-01,13:16:00,2008.800048828125,2009.4000244140625,2008.800048828125,2009.4000244140625,25908
2025-07-01,13:17:00,2009.300048828125,2009.699951171875,2009.300048828125,2009.5999755859375,8623
2025-07-01,13:18:00,2009.5999755859375,2009.800048828125,2008.300048828125,2008.800048828125,14492
2025-07-01,13:19:00,2008.4000244140625,2008.800048828125,2008.300048828125,2008.5,7835
2025-07-01,13:20:00,2008.5,2008.5999755859375,2008.4000244140625,2008.4000244140625,4434
2025-07-01,13:21:00,2008.4000244140625,2008.4000244140625,2008.199951171875,2008.199951171875,10715
2025-07-01,13:22:00,2008.199951171875,2008.4000244140625,2008.0,2008.0,11976
2025-07-01,13:23:00,2008.0,2008.0999755859375,2008.0,2008.0999755859375,3924
2025-07-01,13:24:00,2008.0,2008.199951171875,2008.0,2008.199951171875,6922
2025-07-01,13:25:00,2008.199951171875,2008.5,2008.0999755859375,2008.4000244140625,7150
2025-07-01,13:26:00,2008.4000244140625,2008.5,2008.0,2008.0,8704
2025-07-01,13:27:00,2008.0,2008.0999755859375,2008.0,2008.0,6533
2025-07-01,13:28:00,2008.0,2008.0999755859375,2008.0,2008.0,6410
2025-07-01,13:29:00,2008.0,2008.0999755859375,2008.0,2008.0,22558
2025-07-01,13:30:00,2008.0,2008.199951171875,2008.0,2008.0,36057
2025-07-01,13:31:00,2008.0999755859375,2008.300048828125,2008.0,2008.0999755859375,5026
2025-07-01,13:32:00,2008.199951171875,2008.199951171875,2008.0999755859375,2008.0999755859375,4096
2025-07-01,13:33:00,2008.199951171875,2008.199951171875,2008.0999755859375,2008.0999755859375,2093
2025-07-01,13:34:00,2008.0999755859375,2008.0999755859375,2008.0,2008.0,8740
2025-07-01,13:35:00,2008.0999755859375,2009.0,2008.0,2009.0,15108
2025-07-01,13:36:00,2009.4000244140625,2009.699951171875,2009.199951171875,2009.4000244140625,18358
2025-07-01,13:37:00,2009.300048828125,2009.5999755859375,2009.300048828125,2009.5,3083
2025-07-01,13:38:00,2009.5,2009.5999755859375,2009.4000244140625,2009.4000244140625,8780
2025-07-01,13:39:00,2009.4000244140625,2009.5,2009.300048828125,2009.300048828125,6654
2025-07-01,13:40:00,2009.300048828125,2009.4000244140625,2009.199951171875,2009.199951171875,10349
2025-07-01,13:41:00,2009.199951171875,2009.300048828125,2009.199951171875,2009.199951171875,5661
2025-07-01,13:42:00,2009.199951171875,2009.300048828125,2009.199951171875,2009.199951171875,2786
2025-07-01,13:43:00,2009.300048828125,2009.300048828125,2009.199951171875,2009.300048828125,12265
2025-07-01,13:44:00,2009.5999755859375,2009.9000244140625,2008.300048828125,2008.4000244140625,18730
2025-07-01,13:45:00,2008.5999755859375,2008.5999755859375,2007.9000244140625,2008.4000244140625,6425
2025-07-01,13:46:00,2008.0999755859375,2008.199951171875,2008.0999755859375,2008.0999755859375,2561
2025-07-01,13:47:00,2007.9000244140625,2008.0999755859375,2007.800048828125,2008.0,18428
2025-07-01,13:48:00,2008.0999755859375,2008.300048828125,2007.800048828125,2008.0999755859375,16007
2025-07-01,13:49:00,2008.0999755859375,2009.300048828125,2007.9000244140625,2008.199951171875,14796
2025-07-01,13:50:00,2008.199951171875,2008.300048828125,2008.0,2008.0,4819
2025-07-01,13:51:00,2007.9000244140625,2008.5,2007.9000244140625,2008.4000244140625,9805
2025-07-01,13:52:00,2008.5,2009.0,2008.4000244140625,2008.9000244140625,6416
2025-07-01,13:53:00,2008.9000244140625,2009.0,2008.9000244140625,2008.9000244140625,6649
2025-07-01,13:54:00,2009.0,2009.199951171875,2008.9000244140625,2008.9000244140625,27401
2025-07-01,13:55:00,2008.9000244140625,2009.5,2008.9000244140625,2009.0999755859375,25020
2025-07-01,13:56:00,2009.300048828125,2009.5,2007.699951171875,2008.5999755859375,108752
2025-07-01,13:57:00,2008.4000244140625,2010.0,2008.4000244140625,2009.800048828125,38164
2025-07-01,13:58:00,2009.9000244140625,2011.0,2009.800048828125,2010.699951171875,17406
2025-07-01,13:59:00,2010.800048828125,2010.9000244140625,2010.800048828125,2010.800048828125,3204
2025-07-01,14:00:00,2010.800048828125,2010.9000244140625,2010.0,2010.4000244140625,44587
2025-07-01,14:01:00,2010.800048828125,2010.9000244140625,2010.0,2010.199951171875,9141
2025-07-01,14:02:00,2010.0999755859375,2010.300048828125,2010.0,2010.199951171875,5041
2025-07-01,14:03:00,2010.0999755859375,2011.300048828125,2010.0999755859375,2010.9000244140625,7826
2025-07-01,14:04:00,2011.0,2012.0,2010.9000244140625,2011.9000244140625,15119
2025-07-01,14:05:00,2011.9000244140625,2012.699951171875,2011.9000244140625,2012.0,54383
2025-07-01,14:06:00,2012.0,2012.0999755859375,2010.5999755859375,2010.5999755859375,11080
2025-07-01,14:07:00,2010.5999755859375,2012.0,2010.5,2011.800048828125,34324
2025-07-01,14:08:00,2011.5999755859375,2011.699951171875,2010.9000244140625,2010.9000244140625,4084
2025-07-01,14:09:00,2010.199951171875,2010.4000244140625,2010.0,2010.0,8400
2025-07-01,14:10:00,2010.0,2010.300048828125,2010.0,2010.300048828125,10246
2025-07-01,14:11:00,2010.4000244140625,2011.4000244140625,2010.300048828125,2011.300048828125,9187
2025-07-01,14:12:00,2011.5999755859375,2013.0,2011.4000244140625,2012.9000244140625,20858
2025-07-01,14:13:00,2012.9000244140625,2013.9000244140625,2012.9000244140625,2013.5999755859375,28528
2025-07-01,14:14:00,2013.699951171875,2013.9000244140625,2013.0999755859375,2013.9000244140625,16283
2025-07-01,14:15:00,2013.800048828125,2014.0,2012.699951171875,2012.9000244140625,18567
2025-07-01,14:16:00,2012.699951171875,2013.0,2012.5,2012.9000244140625,12691
2025-07-01,14:17:00,2012.800048828125,2014.5,2012.800048828125,2014.300048828125,57077
2025-07-01,14:18:00,2014.5,2014.5,2013.9000244140625,2014.0999755859375,13304
2025-07-01,14:19:00,2014.199951171875,2014.199951171875,2013.5,2013.5999755859375,16064
2025-07-01,14:20:00,2013.5999755859375,2015.0,2013.5999755859375,2015.0,45714
2025-07-01,14:21:00,2014.9000244140625,2015.0,2014.0,2014.0,35272
2025-07-01,14:22:00,2014.0,2014.0999755859375,2014.0,2014.0,7310
2025-07-01,14:23:00,2014.0999755859375,2014.0999755859375,2013.699951171875,2013.699951171875,19182
2025-07-01,14:24:00,2013.699951171875,2014.199951171875,2013.5999755859375,2014.0999755859375,18925
2025-07-01,14:25:00,2014.0999755859375,2014.800048828125,2014.0,2014.0,16727
2025-07-01,14:26:00,2014.0999755859375,2014.0999755859375,2013.9000244140625,2014.0999755859375,13301
2025-07-01,14:27:00,2014.0,2014.0999755859375,2014.0,2014.0,11147
2025-07-01,14:28:00,2014.0,2014.0999755859375,2014.0,2014.0,11613
2025-07-01,14:29:00,2014.0,2014.0999755859375,2014.0,2014.0,14377
2025-07-01,14:30:00,2014.0,2014.0999755859375,2014.0,2014.0,18920
2025-07-01,14:31:00,2014.0,2014.0999755859375,2014.0,2014.0,16828
2025-07-01,14:32:00,2014.0,2014.0999755859375,2014.0,2014.0,7804
2025-07-01,14:33:00,2014.0,2014.0999755859375,2013.9000244140625,2013.9000244140625,21715
2025-07-01,14:34:00,2013.9000244140625,2014.0,2013.0999755859375,2013.0999755859375,16353
2025-07-01,14:35:00,2013.0999755859375,2013.699951171875,2012.800048828125,2013.199951171875,28273
2025-07-01,14:36:00,2013.199951171875,2013.300048828125,2012.0999755859375,2012.800048828125,57071
2025-07-01,14:37:00,2012.699951171875,2014.0999755859375,2012.5999755859375,2014.0999755859375,69353
2025-07-01,14:38:00,2014.5,2015.9000244140625,2014.0,2015.699951171875,112923
2025-07-01,14:39:00,2015.699951171875,2016.0,2014.5,2014.5,10391
2025-07-01,14:40:00,2014.5,2014.5999755859375,2014.199951171875,2014.5999755859375,12153
2025-07-01,14:41:00,2014.5999755859375,2014.699951171875,2014.5,2014.5,2306
2025-07-01,14:42:00,2014.5999755859375,2014.5999755859375,2014.0999755859375,2014.300048828125,16863
2025-07-01,14:43:00,2014.300048828125,2014.5999755859375,2014.0,2014.0,35916
2025-07-01,14:44:00,2014.0999755859375,2014.0999755859375,2014.0,2014.0999755859375,8337
2025-07-01,14:45:00,2014.0999755859375,2014.0999755859375,2014.0,2014.0,5180
2025-07-01,14:46:00,2014.0,2014.0999755859375,2014.0,2014.0999755859375,8696
2025-07-01,14:47:00,2014.0999755859375,2014.300048828125,2014.0,2014.300048828125,14377
2025-07-01,14:48:00,2014.300048828125,2014.5,2014.0999755859375,2014.0999755859375,9363
2025-07-01,14:49:00,2014.0999755859375,2014.4000244140625,2014.0,2014.0,14332
2025-07-01,14:50:00,2014.0,2014.199951171875,2014.0,2014.0,27398
2025-07-01,14:51:00,2014.0,2014.0999755859375,2011.800048828125,2011.9000244140625,25779
2025-07-01,14:52:00,2012.0,2012.4000244140625,2010.0,2012.0999755859375,37772
2025-07-01,14:53:00,2012.0999755859375,2012.4000244140625,2012.0,2012.300048828125,13507
2025-07-01,14:54:00,2012.4000244140625,2012.4000244140625,2011.5,2011.5999755859375,15912
2025-07-01,14:55:00,2012.0,2012.800048828125,2010.5999755859375,2012.4000244140625,55397
2025-07-01,14:56:00,2012.4000244140625,2013.300048828125,2011.9000244140625,2012.5,55754
2025-07-01,14:57:00,2012.800048828125,2013.0,2012.0,2012.0999755859375,12524
2025-07-01,14:58:00,2012.0999755859375,2012.300048828125,2011.699951171875,2012.300048828125,12278
2025-07-01,14:59:00,2012.199951171875,2012.300048828125,2011.699951171875,2012.0,11459
2025-07-01,15:00:00,2011.800048828125,2012.0,2011.5,2011.5,37974
2025-07-01,15:01:00,2011.699951171875,2012.0,2011.5,2011.9000244140625,28647
2025-07-01,15:02:00,2011.699951171875,2011.9000244140625,2011.5999755859375,2011.699951171875,37577
2025-07-01,15:03:00,2011.699951171875,2012.0,2010.4000244140625,2011.800048828125,87332
2025-07-01,15:04:00,2011.9000244140625,2012.5,2011.199951171875,2011.5,59381
2025-07-01,15:05:00,2011.5999755859375,2013.4000244140625,2011.5,2013.199951171875,83738
2025-07-01,15:06:00,2013.5999755859375,2013.5999755859375,2012.699951171875,2013.0,39451
2025-07-01,15:07:00,2013.0,2013.0999755859375,2011.300048828125,2011.800048828125,54774
2025-07-01,15:08:00,2011.300048828125,2013.300048828125,2010.800048828125,2012.699951171875,64350
2025-07-01,15:09:00,2012.699951171875,2014.0,2012.699951171875,2012.699951171875,128066
2025-07-01,15:10:00,2012.5,2012.800048828125,2012.0,2012.199951171875,36575
2025-07-01,15:11:00,2012.300048828125,2013.0,2012.199951171875,2012.4000244140625,42329
2025-07-01,15:12:00,2012.300048828125,2012.4000244140625,2010.4000244140625,2010.5,56624
2025-07-01,15:13:00,2010.0,2012.699951171875,2009.4000244140625,2012.699951171875,56450
2025-07-01,15:14:00,2012.699951171875,2013.800048828125,2011.800048828125,2011.800048828125,70379
2025-07-01,15:15:00,2011.800048828125,2012.199951171875,2011.199951171875,2011.800048828125,36751
2025-07-01,15:16:00,2011.9000244140625,2012.5999755859375,2011.800048828125,2011.9000244140625,34646
2025-07-01,15:17:00,2012.0,2012.199951171875,2010.0,2010.199951171875,57510
2025-07-01,15:18:00,2010.699951171875,2012.0,2010.300048828125,2011.699951171875,33454
2025-07-01,15:19:00,2011.699951171875,2012.0,2011.5,2011.800048828125,32789
2025-07-01,15:20:00,2011.9000244140625,2012.300048828125,2011.800048828125,2012.199951171875,55938
2025-07-01,15:21:00,2012.300048828125,2013.0999755859375,2012.0,2012.199951171875,48096
2025-07-01,15:22:00,2012.199951171875,2012.800048828125,2012.0,2012.5999755859375,38557
2025-07-01,15:23:00,2012.5,2013.300048828125,2009.4000244140625,2011.0,83682
2025-07-01,15:24:00,2011.0,2011.9000244140625,2010.0999755859375,2011.5,50350
2025-07-01,15:25:00,2011.5,2012.9000244140625,2011.4000244140625,2012.5999755859375,45465
2025-07-01,15:26:00,2012.699951171875,2013.0,2012.0,2012.0,39679
2025-07-01,15:27:00,2012.0999755859375,2012.9000244140625,2011.300048828125,2012.5,35193
2025-07-01,15:28:00,2012.5,2014.0,2012.0999755859375,2012.0999755859375,46233
2025-07-01,15:29:00,2012.300048828125,2012.9000244140625,2011.0999755859375,2011.5,8623
